{
  "train_loss": [
    1.0413744068645931,
    0.9089412869273366,
    0.8791511582327889,
    0.8623696801545737,
    0.8518952389697095,
    0.8438074790514433,
    0.8373121718426685,
    0.8318414729791921,
    0.8273895651310474,
    0.8235022034678425,
    0.8199386264894392,
    0.8176699073164613,
    0.8139705891375775,
    0.8121714075962146,
    0.8081070659877537,
    0.8074798310553277,
    0.804580221642981,
    0.8032066746191545,
    0.8010745366970142,
    0.8003674699709966,
    0.7983208041091066,
    0.7954706333733939,
    0.7952721914211354,
    0.7940267247753543,
    0.7920401008812697,
    0.7897256718648897,
    0.7886533851390118,
    0.7879532247990162,
    0.7867641322262637,
    0.785976914509193,
    0.7851394767110998,
    0.7827817922705537,
    0.7827271407300775,
    0.7824746945521215,
    0.7811782239200352,
    0.7810975970088185,
    0.7790849717346938,
    0.7794903252508257,
    0.7780367892105262,
    0.7779219661559258,
    0.7762763356829023,
    0.7755532679024276,
    0.7744904572313482,
    0.77470246128269,
    0.7754707951645751,
    0.7735891267553076,
    0.7730284483282717,
    0.7729300398926635,
    0.7719852603398837,
    0.771645080209612,
    0.771475733160139,
    0.7703667247212016,
    0.7704714244062251,
    0.7705634851555724,
    0.76916593096473,
    0.7692262170198081,
    0.7687984509067936,
    0.7691131352544665,
    0.7683912219701113,
    0.7673944790880163,
    0.7680934908506754,
    0.7678249355796334,
    0.7674463242083996
  ],
  "val_loss": [
    0.9526938892900944,
    0.9193224720656872,
    0.8747486360371113,
    0.8613594748079777,
    0.854895206540823,
    0.8484411790966988,
    0.8429474085569382,
    0.8399863503873348,
    0.8404442936182022,
    0.8331801824271678,
    0.8340159937739372,
    0.8278938613831996,
    0.8273350156843662,
    0.8221402063965797,
    0.8209370285272598,
    0.8228237103670836,
    0.8179033666849136,
    0.8176468141376972,
    0.816177886724472,
    0.8131263967603445,
    0.8144025109708309,
    0.8123159974813461,
    0.8165851835161447,
    0.814160219207406,
    0.8107329398393631,
    0.8094154380261898,
    0.8109226938337087,
    0.8094280239194631,
    0.8093015849590302,
    0.8082435488700866,
    0.8076311185956001,
    0.8075333930552006,
    0.8062304750084877,
    0.8071083787828683,
    0.8066829904913903,
    0.8070939779281616,
    0.8067032843828201,
    0.8084035314619541,
    0.8063193537294865,
    0.8056085325777531,
    0.8062711589038372,
    0.8067179225385189,
    0.8059722658246755,
    0.8064776547253132,
    0.8061401158571243,
    0.8052869059145451,
    0.805760296434164,
    0.8058133441954851,
    0.8062843732535839,
    0.8057293690741062,
    0.806758065521717,
    0.8059398304671049,
    0.8066504053771496,
    0.8054302252829075,
    0.8054725490510464,
    0.8064999110996723,
    0.806899169832468,
    0.8057547308504581,
    0.8052236005663872,
    0.8058693215250969,
    0.8062678664922714,
    0.8059248775243759,
    0.8058980029076338
  ],
  "train_iou": [
    0.3472640638194409,
    0.3749385968061988,
    0.38352777167120633,
    0.3902485688659851,
    0.39328916306587886,
    0.3978946579054674,
    0.39881307772001096,
    0.40138356884107107,
    0.40083758306321227,
    0.4045069726295813,
    0.40369139235212,
    0.4058841442501153,
    0.4067614894437733,
    0.4105447570643537,
    0.4132148548897005,
    0.4108928940272669,
    0.4125050768481963,
    0.4123756036010413,
    0.41858632498650167,
    0.41872429410031864,
    0.4178423249753222,
    0.41866305525361824,
    0.417448975708518,
    0.4209332385478887,
    0.4225240718897522,
    0.4214380046837582,
    0.42689498116051683,
    0.4223330148110035,
    0.42391306127985273,
    0.4237087383817827,
    0.42713917174406224,
    0.4238083710979378,
    0.42510465239655887,
    0.4230563247721084,
    0.4292348894408579,
    0.4261718003078675,
    0.4292744040615833,
    0.42642402598155305,
    0.42921427421115493,
    0.4293381270469856,
    0.43153654498127003,
    0.43278060664930085,
    0.43175046515767557,
    0.43128341954858523,
    0.4307991828152905,
    0.43182207373171333,
    0.4316768160820725,
    0.43368931533341826,
    0.43220305943813847,
    0.43107284430831255,
    0.4322560840718326,
    0.43157490336530857,
    0.4328382935392343,
    0.43394376495592557,
    0.4327682142154719,
    0.4334155392159347,
    0.4339042569808055,
    0.4338082991514381,
    0.4331917289117671,
    0.43491630808948867,
    0.4347809798497397,
    0.434611437591871,
    0.4330287928742928
  ],
  "val_iou": [
    0.2991605804869576,
    0.32427477981179137,
    0.33044001552959046,
    0.33713269355858855,
    0.34297472259669226,
    0.3475216922913306,
    0.34796682991262873,
    0.35067623453695784,
    0.3501557570880828,
    0.3525005806129128,
    0.35298231040514005,
    0.3545760161841624,
    0.35616581723459395,
    0.35887912816203127,
    0.36057936209528835,
    0.3595992587601359,
    0.36066670451982646,
    0.3600738189779804,
    0.3639547861270128,
    0.36403060438978074,
    0.36352719227838354,
    0.36529131339096543,
    0.3624783582746103,
    0.3659007129257791,
    0.36780905834392696,
    0.36683109221646903,
    0.36864789793423064,
    0.36816674780307546,
    0.36884841029467574,
    0.3694998638245225,
    0.3701825116049602,
    0.3682847294548992,
    0.3688922539456851,
    0.36797557954301335,
    0.37160819722274835,
    0.3695774118985153,
    0.3710991230324402,
    0.3694613925013174,
    0.3713502340591125,
    0.3722147023751556,
    0.3723164033083271,
    0.3729965635433069,
    0.37317186414923825,
    0.3732540926281621,
    0.3720231640456607,
    0.3735485579042385,
    0.3733039913511473,
    0.37436485584605383,
    0.37370525556745837,
    0.37316165343056323,
    0.3739827521914978,
    0.3729581394892496,
    0.3732912592641595,
    0.3740943269765315,
    0.3736168399556643,
    0.3742773790895525,
    0.3735798968183291,
    0.37372115085082547,
    0.37316330797233,
    0.374348435225612,
    0.37424130469185507,
    0.3736497388712855,
    0.3735987463144637
  ],
  "train_dice": [
    0.4659915864467621,
    0.4986307919025421,
    0.5076949596405029,
    0.5177345871925354,
    0.5215135812759399,
    0.5244776606559753,
    0.5257731080055237,
    0.5292220711708069,
    0.528387725353241,
    0.5333470106124878,
    0.5290433168411255,
    0.5325044393539429,
    0.5353203415870667,
    0.5376543998718262,
    0.541571855545044,
    0.5395901203155518,
    0.5416371822357178,
    0.5405668020248413,
    0.5476824641227722,
    0.5478988885879517,
    0.5462978482246399,
    0.5473501086235046,
    0.5476821660995483,
    0.5507838726043701,
    0.5516189932823181,
    0.5516571402549744,
    0.5564948916435242,
    0.552043080329895,
    0.5521976947784424,
    0.553583562374115,
    0.5565769076347351,
    0.5532830357551575,
    0.5548921227455139,
    0.5521318912506104,
    0.558440089225769,
    0.5577833652496338,
    0.5593855977058411,
    0.5552244782447815,
    0.5598157048225403,
    0.5585075616836548,
    0.5617460012435913,
    0.5629504919052124,
    0.5627028346061707,
    0.5616382360458374,
    0.5618516802787781,
    0.5610631704330444,
    0.561841607093811,
    0.563849687576294,
    0.5625426769256592,
    0.5617003440856934,
    0.5635724067687988,
    0.561610221862793,
    0.5628708004951477,
    0.5640186667442322,
    0.5627020597457886,
    0.5629709362983704,
    0.5633760690689087,
    0.5647488832473755,
    0.5635485053062439,
    0.5645304918289185,
    0.5652352571487427,
    0.5650841593742371,
    0.5630186796188354
  ],