{
  "train_loss": [
    0.7721206235718894,
    0.7716608866945013,
    0.7708834084597501,
    0.7694229407743974,
    0.7697895229279578,
    0.7692383265995479,
    0.7697704456069253,
    0.7689975936096032,
    0.7685246446749547,
    0.7682008198924831,
    0.7677761497197452,
    0.7677418214457852,
    0.7676912825424355,
    0.7674165340570304,
    0.7670514130925798,
    0.7663719126394578,
    0.765774235358605,
    0.7664727202662222,
    0.7654489753963231,
    0.7641245482684849,
    0.7650646682802614,
    0.765272073812418,
    0.7648480137744984,
    0.7644987258877788,
    0.7638896408614578,
    0.7636618139026882,
    0.7641887999081112,
    0.763323821721377,
    0.7635509019131427,
    0.7634012428196993,
    0.7629996645700682,
    0.7626913234904096,
    0.7622551194437734,
    0.7625127902397743,
    0.7621302837258452,
    0.7621158205545866,
    0.7622813674953434,
    0.7617166904302743,
    0.7612250253037139,
    0.762035616711303,
    0.7612432153908523,
    0.7611759438381328,
    0.7608687038188214,
    0.7608908697441741,
    0.7615332426724734,
    0.7608150673912956,
    0.7608343096879813,
    0.7612680733620704,
    0.7606923019135748,
    0.7610399537986808,
    0.761378498594244,
    0.7615947205703575,
    0.7612284316049589,
    0.7606000197517289,
    0.7603961411889616,
    0.7600300442922365,
    0.7609636043335174,
    0.7606789906124969,
    0.7616188625355701,
    0.7607697714458812
  ],
  "val_loss": [
    0.8059603452682496,
    0.8051743477582931,
    0.8050209917128086,
    0.804695102199912,
    0.8042345818132162,
    0.8044756531715394,
    0.8052777782082557,
    0.8043209485709667,
    0.8036573544144631,
    0.8036752857267857,
    0.803185023739934,
    0.8034211233258247,
    0.804076524451375,
    0.8034491129219532,
    0.803752901032567,
    0.8037252467125654,
    0.8038333483040333,
    0.8031884737312793,
    0.8031948491930961,
    0.8040701854974032,
    0.8033259078860283,
    0.8037719003856182,
    0.8044006772339344,
    0.8043124713003635,
    0.8032939203083516,
    0.8033774327486753,
    0.8034988019615412,
    0.8036228820681572,
    0.8040191546082497,
    0.8044832780957222,
    0.8041351310908794,
    0.8038259789347648,
    0.8040053833276033,
    0.8038177609443664,
    0.8038148771971464,
    0.8041352681815624,
    0.8044125244021416,
    0.8037359789013863,
    0.8039474491029978,
    0.8045898225158453,
    0.8038990184664726,
    0.804219375550747,
    0.8045865774154664,
    0.8044744938611984,
    0.8044765193015337,
    0.8042482927441597,
    0.8046841315925122,
    0.8049645908176899,
    0.8047346472740173,
    0.8046441741287709,
    0.8042534865438938,
    0.8045215658843518,
    0.8042332209646702,
    0.8044807229191064,
    0.8040438979864121,
    0.8042215697467328,
    0.804946668446064,
    0.8045757032930851,
    0.8044446192681789,
    0.804309892654419
  ],
  "train_iou": [
    0.43377372201672504,
    0.43295743027853933,
    0.43241450164927336,
    0.434262676043805,
    0.4318167359295367,
    0.4341844367631874,
    0.43302544624267525,
    0.4334314373652534,
    0.4345726646668196,
    0.43479756507863343,
    0.4345855832583305,
    0.43450019811631035,
    0.43235476386936694,
    0.43525579382709595,
    0.43177003352638693,
    0.4354261663948601,
    0.43471865229997514,
    0.4350223965361054,
    0.4363254164991771,
    0.43542573937166434,
    0.4353206462638558,
    0.4344709268100299,
    0.43663710713641257,
    0.4352763157647621,
    0.4359744386123703,
    0.4364326066157339,
    0.435705411758653,
    0.43798319107556904,
    0.43617544839710065,
    0.43436689442928184,
    0.436328585403331,
    0.4358299732282063,
    0.43714032323152496,
    0.43717476607603545,
    0.43726378366692675,
    0.4368181034482628,
    0.4370000491500561,
    0.43730677476018176,
    0.43795749173740617,
    0.4373255345559366,
    0.4371662870778904,
    0.43731335354389994,
    0.4373210250376126,
    0.43786639783360654,
    0.43851519869372724,
    0.43738888029223305,
    0.4388134039978973,
    0.43874426113793275,
    0.43797464637481315,
    0.4387040522997358,
    0.4380632762465027,
    0.43707326211226294,
    0.43926817058399603,
    0.4390193477377191,
    0.4377675291697879,
    0.43829465584746957,
    0.43807298938317546,
    0.43822221166418796,
    0.4379797750632419,
    0.4377905221723987
  ],
  "val_iou": [
    0.3745062580125199,
    0.3746367994511578,
    0.3738775608511383,
    0.37491485360272536,
    0.3729422772400236,
    0.3736152360726717,
    0.37403462555763933,
    0.37490024553844703,
    0.374361034017703,
    0.37428747589518835,
    0.37481487119285806,
    0.37475384403822115,
    0.3745419399069053,
    0.3761444622844768,
    0.3737865022079657,
    0.3749708816143943,
    0.37552878639867737,
    0.3754199780426764,
    0.37562255171619147,
    0.3758070773218707,
    0.37523924453998914,
    0.37483843684894963,
    0.3756713851367951,
    0.3751689413581819,
    0.37656344565588773,
    0.3761596934902223,
    0.37583594742722604,
    0.3764124620382467,
    0.3764201938769677,
    0.37546827924088577,
    0.37649677463858905,
    0.3765697403351725,
    0.3768743751661128,
    0.37636365773634883,
    0.37648443724740194,
    0.37577802937529564,
    0.37699655914976676,
    0.3760721095106823,
    0.3767419294518833,
    0.37706266175826186,
    0.3762480364413932,
    0.37661895147628255,
    0.3770151461008936,
    0.3766182862694324,
    0.37674078744215267,
    0.3769566069589928,
    0.37692131366865295,
    0.3771032022066518,
    0.37669731279796304,
    0.3767434601283942,
    0.3769302183432349,
    0.37650277398384385,
    0.376779962931889,
    0.3768716103785361,
    0.37659800749129824,
    0.37668691335000204,
    0.37712209571101185,
    0.37692442492633643,
    0.37665214378050427,
    0.3767965697159525
  ],
  "train_dice": [
    0.5637491345405579,
    0.5635644197463989,
    0.5621328353881836,
    0.5643061995506287,
    0.5619226694107056,
    0.5642964839935303,
    0.5628278851509094,
    0.5627520680427551,
    0.5648850798606873,
    0.5644831657409668,
    0.5645174980163574,
    0.5646955370903015,
    0.5634790658950806,
    0.5662991404533386,
    0.5624910593032837,
    0.5655916333198547,
    0.56482994556427,
    0.5657129287719727,
    0.566541850566864,
    0.565290093421936,
    0.5660485029220581,
    0.5652053356170654,
    0.5670753717422485,
    0.5660590529441833,
    0.5667863488197327,
    0.5677968859672546,
    0.5662027597427368,
    0.5685730576515198,
    0.5672905445098877,
    0.5650805234909058,
    0.5667364597320557,
    0.5668506026268005,
    0.568634569644928,
    0.5665515661239624,
    0.5686703324317932,
    0.5671372413635254,
    0.5676368474960327,
    0.567609429359436,
    0.5679709911346436,
    0.5682968497276306,
    0.5673983693122864,
    0.5683844089508057,
    0.5683225989341736,
    0.5681505799293518,
    0.5687641501426697,
    0.5673553347587585,
    0.5690425038337708,
    0.5697174072265625,
    0.5687690377235413,
    0.5693819522857666,
    0.5677358508110046,
    0.567307710647583,
    0.5699962973594666,
    0.5696148872375488,
    0.5679959058761597,
    0.5689005851745605,
    0.5687897801399231,
    0.5679901838302612,
    0.5682724118232727,
    0.5684369802474976
  ],